017091003595.jpg;017091003595
BÙI MẠNH THẮNG.jpg;BÙI MẠNH THẮNG
03\12\1991.jpg;03/12/1991
Nam.jpg;Nam
Việt Nam.jpg;Việt Nam
Vĩnh Đồng, Kim Bôi, Hòa Bình.jpg;Vĩnh Đồng, Kim Bôi, Hòa Bình
Xóm Sống.jpg;Xóm Sống
Vĩnh Đồng, Kim Bôi, Hòa Bình.jpg;Vĩnh Đồng, Kim Bôi, Hòa Bình
03\12\2031.jpg;03/12/2031
001087024433.jpg;001087024433
PHẠM NGỌC CƯƠNG.jpg;PHẠM NGỌC CƯƠNG
13\01\1987.jpg;13/01/1987
Nam.jpg;Nam
Việt Nam.jpg;Việt Nam
Dục Tú, Đông Anh, Hà Nội.jpg;Dục Tú, Đông Anh, Hà Nội
22 Ngách 100\48.jpg;22 Ngách 100/48
Tây Sơn, Quang Trung, Đống Đa, Hà Nội Nội.jpg;Tây Sơn, Quang Trung, Đống Đa, Hà Nội
13\01\2027.jpg;13/01/2027
001095008686.jpg;001095008686
THÂN THANH TÙNG THỊ.jpg;THÂN THANH TÙNG
23\10\1995.jpg;23/10/1995
Nam.jpg;Nam
Việt Nam.jpg;Việt Nam
Việt Tiến, Việt Yên, Bắc Giang.jpg;Việt Tiến, Việt Yên, Bắc Giang
17\182\86\4 Bạch.jpg;17/182/86/4 Bạch
Đằng, Chương Dương, Hoàn Kiếm, Hà Nội.jpg;Đằng, Chương Dương, Hoàn Kiếm, Hà Nội
23\10\2035.jpg;23/10/2035
001087024433.jpg;001087024433
PHẠM NGỌC CƯƠNG.jpg;PHẠM NGỌC CƯƠNG
13\01\1987.jpg;13/01/1987
Nam.jpg;Nam
Việt Nam.jpg;Việt Nam
Dục Tú, Đông Anh, Hà Nội.jpg;Dục Tú, Đông Anh, Hà Nội
22 Ngách 100\48.jpg;22 Ngách 100/48
Tây Sơn, Quang Trung, Đống Đa, Hà Nội.jpg;Tây Sơn, Quang Trung, Đống Đa, Hà Nội
13\01\2027.jpg;13/01/2027
079206033810.jpg;079206033810
HOÀNG THẾ BẢO LÂM.jpg;HOÀNG THẾ BẢO LÂM
13\04\2006.jpg;13/04/2006
Nam.jpg;Nam
Việt Nam.jpg;Việt Nam
Nghĩa Hà,.jpg;Nghĩa Hà,
Thành phố Quảng Ngãi, Quảng Ngãi.jpg;Thành phố Quảng Ngãi, Quảng Ngãi
20\4 Kỳ Đồng.jpg;20/4 Kỳ Đồng
13\04\2031.jpg;13/04/2031
001043004700.jpg;001043004700
TRẦN QUÝ THỤY.jpg;TRẦN QUÝ THỤY
20\06\1943.jpg;20/06/1943
Nam.jpg;Nam
Việt Nam.jpg;Việt Nam
Mỹ Trung, Mỹ Lộc, Nam Định.jpg;Mỹ Trung, Mỹ Lộc, Nam Định
Liên Phái, Cầu Dền, Hai Bà Trưng, HN.jpg;Chùa Liên Phái, Cầu Dền, Hai Bà Trưng, HN
Không thới han.jpg;Không thời hạn
079200011216.jpg;079200011216
NGUYỄN THÀNH LONG.jpg;NGUYỄN THÀNH LONG
25\10\2000.jpg;25/10/2000
Nam.jpg;Nam
Việt Nam.jpg;Việt Nam
Linh Tây, Thành phố Thủ Đức, Hồ Chí Minh.jpg;Linh Tây, Thành phố Thủ Đức, Hồ Chí Minh
Kp5, Linh Tây, Tp Thủ Đức, Hồ Chi Minh.jpg;Kp5, Linh Tây, Tp Thủ Đức, Hồ Chí Minh
042085015476.jpg;042085015476
TRẦN VĂN TRÌNH.jpg;TRẦN VĂN TRÌNH
06\06\1985.jpg;06/06/1985
Nam.jpg;Nam
Việt Nam.jpg;Việt Nam
Cẩm Lộc, Cẩm Xuyên, Hà Tĩnh.jpg;Cẩm Lộc, Cẩm Xuyên, Hà Tĩnh
Cẩm Lộc, Cẩm Xuyên, Hà Tĩnh.jpg;Cẩm Lộc, Cẩm Xuyên, Hà Tĩnh
06\06\2025.jpg;06/06/2025
026188011164.jpg;026188011164
NGUYỄN THI TỈNH.jpg;NGUYỄN THI TỈNH
03\02\1988.jpg;03/02/1988
Nữ.jpg;Nữ
Việt Nam.jpg;Việt Nam
Chấn Hưng, Vĩnh Tường, Vĩnh Phúc.jpg;Chấn Hưng, Vĩnh Tường, Vĩnh Phúc
Thôn Đồng Lạc 2.jpg;Thôn Đồng Lạc 2
Đồng Văn, Yên Lạc, Vĩnh Phúc.jpg;Đồng Văn, Yên Lạc, Vĩnh Phúc
03\02\2028.jpg;03/02/2028
035077010699.jpg;035077010699
HOÀNG ĐÌNH NĂM.jpg;HOÀNG ĐÌNH NĂM
08\08\1977.jpg;08/08/1977
Nam.jpg;Nam
Việt Nam.jpg;Việt Nam
Lê Hồ, Kim Bằng, Hà Nam.jpg;Lê Hồ, Kim Bảng, Hà Nam
Tổ 2, Ấp Bàu Trăn.jpg;Tổ 2, Ấp Bàu Trăn
Nhuận Đức, Củ Chi, Hồ Chí Minh.jpg;Nhuận Đức, Củ Chi, Hồ Chí Minh
08\08\2037.jpg;08/08/2037
027159001598.jpg;027159001598
NGUYỄN THỊ CHUYÊN.jpg;NGUYỄN THỊ CHUYÊN
01\01\1959.jpg;01/01/1959
Nữ.jpg;Nữ
Việt Nam.jpg;Việt Nam
Yên Giả, Quế Võ, Bắc Ninh.jpg;Yên Giả, Quế Võ, Bắc Ninh
Thôn La Miệt.jpg;Thôn La Miệt
Yên Giả, Quế Võ, Bắc Ninh.jpg;Yên Giả, Quế Võ, Bắc Ninh
Không thời hạn.jpg;Không thời hạn
011200001549.jpg;011200001549
GIÀNG A SỬ.jpg;GIÀNG A SỬ
02\10\2000.jpg;02/10/2000
Nam.jpg;Nam
Việt Nam.jpg;Việt Nam
Phình Sáng, Tuần Giáo, Điện Biên.jpg;Phình Sáng, Tuần Giáo, Điện Biên
Bản Mý Làng A.jpg;Bản Mý Làng A
Phình Sáng, Tuần Giáo, Điện Biên.jpg;Phình Sáng, Tuần Giáo, Điện Biên
02\10\2025.jpg;02/10/2025
025193001383.jpg;025193001383
CHỬ THỊ THOA.jpg;CHỬ THỊ THOA
02\04\1993.jpg;02/04/1993
Nữ.jpg;Nữ
Việt Nam.jpg;Việt Nam
Thạch Đồng, Thanh Thuỷ, Phú Tho.jpg;Thạch Đồng, Thanh Thuỷ, Phú Tho
Xóm Dẹ 1.jpg;Xóm Dẹ 1
Văn Miếu, Thạnh Sơn, Phú Thọ.jpg;Văn Miếu, Thạnh Sơn, Phú Thọ
02\04\2033.jpg;02/04/2033
025087013848.jpg;025087013848
TRẦN TRỌNG HIẾU.jpg;TRẦN TRỌNG HIẾU
21\10\1987.jpg;21/10/1987
Nam.jpg;Nam
Việt Nam.jpg;Việt Nam
Bình Phú, Phù Ninh, Phú Thọ.jpg;Bình Phú, Phù Ninh, Phú Thọ
Tổ 8, Khu Bài Tần.jpg;Tổ 8, Khu Bãi Tần
Thị trấn Thanh Sơn, Thanh Sơn, Phú Thọ.jpg;Thị trấn Thanh Sơn, Thanh Sơn, Phú Thọ
20\10\2027.jpg;20/10/2027
000200000152.jpg;000200000152
NGUYỄN ĐỨC KHOA KỲ.jpg;NGUYỄN ĐỨC KHOA
18\12\2000.jpg;18/12/2000
Nam.jpg;Nam
Việt Nam.jpg;Việt Nam
Bắc Lũng, Lục Nam, Bắc Giang.jpg;Bắc Lũng, Lục Nam, Bắc Giang
Số 198 Chợ Lũng.jpg;Số 198 Chợ Lũng
Tổ 15, Đằng Hải, Hải An, Hải Phòng.jpg;Tổ 15, Đằng Hải, Hải An, Hải Phòng
18\12\2025.jpg;18/12/2025
064099009345.jpg;064099009345
THIỀU CÔNG MINH.jpg;THIỀU CÔNG MINH
25\01\1999.jpg;25/01/1999
Nam.jpg;Nam
Việt Nam.jpg;Việt Nam
Thái Hòa, Triệu Sơn, Thanh Hóa.jpg;Thái Hòa, Triệu Sơn, Thanh Hóa
Thôn Thống Nhất.jpg;Thôn Thống Nhất
Sơn Lang, Kbang, Gia Lai.jpg;Sơn Lang, Kbang, Gia Lai
25\01\2024.jpg;25/01/2024
033097012052.jpg;033097012052
TRẦN VIỆT ANH.jpg;TRẦN VIỆT ANH
16\01\1997.jpg;16/01/1997
Nam.jpg;Nam
Việt Nam.jpg;Việt Nam
Vĩnh Khúc, Văn Giang, Hưng Yên.jpg;Vĩnh Khúc, Văn Giang, Hưng Yên
Thôn Thượng Tân.jpg;Thôn Thượng Tân
Vĩnh Khúc, Văn Giang, Hưng Yên.jpg;Vĩnh Khúc, Văn Giang, Hưng Yên
16\01\2037.jpg;16/01/2037
004096004621.jpg;004096004621
HÀ THANH HẢI.jpg;HÀ THANH HẢI
18\02\1996.jpg;18/02/1996
Nam.jpg;Nam
Việt Nam.jpg;Việt Nam
TT.Nguyên Bình.jpg;TT.Nguyên Bình
Nguyên Bình, Cao Bằng.jpg;Nguyên Bình, Cao Bằng
Xóm Bản Luộc.jpg;Xóm Bản Luộc
TT.Nguyên Bình, Nguyên Bình, Cao Bằng.jpg;TT.Nguyên Bình, Nguyên Bình, Cao Bằng
18\02\2036.jpg;18/02/2036
030152003963.jpg;030152003963
HOÀNG THỊ THẮM.jpg;HOÀNG THỊ THẮM
12\08\1952.jpg;12/08/1952
Nữ.jpg;Nữ
Việt Nam.jpg;Việt Nam
Phạm Trấn, Gia Lộc, Hải Dương.jpg;Phạm Trấn, Gia Lộc, Hải Dương
Thôn Nam Cầu.jpg;Thôn Nam Cầu
Phạm Trấn, Gia Lộc, Hải Dương.jpg;Phạm Trấn, Gia Lộc, Hải Dương
"Không thời hạn".jpg;Không thời hạn
074190003176.jpg;074190003176
NGUYỄN THỊ TRÚC QUỲNH.jpg;NGUYỄN THỊ TRÚC QUỲNH
02\11\1990.jpg;02/11/1990
Nữ.jpg;Nữ
Việt Nam.jpg;Việt Nam
Mỹ Phước.jpg;Mỹ Phước,
Thị xã Bến Cát, Bình Dương.jpg;Thị xã Bến Cát, Bình Dương
Mỹ Phước, Thị xã Bến Cát, Bình Dương.jpg;Mỹ Phước, Thị xã Bến Cát, Bình Dương
02\11\2030.jpg;02/11/2030
036202007714.jpg;036202007714
NGUYỄN VĂN NGỌC.jpg;NGUYỄN VĂN NGỌC
01\10\2002.jpg;01/10/2002
Nam.jpg;Nam
Việt Nam.jpg;Việt Nam
Cộng Hòa, Vụ Bản, Nam Định.jpg;Cộng Hòa, Vụ Bản, Nam Định
Bối Xuyên.jpg;Bối Xuyên
Thượng, Cộng Hòa, Vụ Bản, Nam Định.jpg;Thượng, Cộng Hòa, Vụ Bản, Nam Định
01\10\2027.jpg;01/10/2027
025203008580.jpg;025203008580
NGUYỄN ĐỨC LONG.jpg;NGUYỄN ĐỨC LONG
15\11\2003.jpg;15/11/2003
Nam.jpg;Nam
Việt Nam.jpg;Việt Nam
Đồng Lương, Cẩm Khê, Phú Thọ.jpg;Đồng Lương, Cẩm Khê, Phú Thọ
Khu Đồn Ngựa.jpg;Khu Đồn Ngựa
15\11\2028.jpg;15/11/2028
001203058262.jpg;001203058262
BÙI VĂN THÁI.jpg;BÙI VĂN THÁI
14\03\2003.jpg;14/03/2003
Nam.jpg;Nam
Việt Nam.jpg;Việt Nam
Tiến Xuân, Thạch Thất, Hà Nội.jpg;Tiến Xuân, Thạch Thất, Hà Nội
Thôn 5.jpg;Thôn 5
Xã Tiến Xuân, Thạch Thất, Hà Nội Nội.jpg;Tiến Xuân, Thạch Thất, Hà Nội
14\03\2028.jpg;14/03/2028
036089003458.jpg;036089003458
ĐẶNG VĂN HÒA.jpg;ĐẶNG VĂN HÒA
21\08\1989.jpg;21/08/1989
Nam.jpg;Nam
Việt Nam.jpg;Việt Nam
Thành phố nam Định, Nam Định.jpg;Thành phố Nam Định, Nam Định
2B 5 Tầng Số 6.jpg;2B 5 Tầng Số 6
P.Trần Đăng Ninh, TP.Nam Định, Năm Định.jpg;P.Trần Đăng Ninh, TP.Nam Định, Nam Định
21\08\2029.jpg;21/08/2029
038094029085.jpg;038094029085
TRẦN THỨ HÒA.jpg;TRẦN THỨ HÒA
12\06\1994.jpg;12/06/1994
Nam.jpg;Nam
Việt Nam.jpg;Việt Nam
Quảng Bình, Quảng Xương, Thanh Hóa Kỳ.jpg;Quảng Bình, Quảng Xương, Thanh Hóa Kỳ
Tiền Thôn.jpg;Tiền Thôn
Quảng Bình, Quảng Xương, Thanh Hóa.jpg;Quảng Bình, Quảng Xương, Thanh Hóa
12\06\2034.jpg;12/06/2034
001097018587.jpg;001097018587
NGUYỄN TIẾN MẠNH.jpg;NGUYỄN TIẾN MẠNH
19\05\1997.jpg;19/05/1997
Nam.jpg;Nam
Việt Nam.jpg;Việt Nam
Trung Châu, Đan Phượng, Hà Nội.jpg;Trung Châu, Đan Phượng, Hà Nội
Thôn 9.jpg;Thôn 9
Trung Châu, Đan Phượng, Hà Nội.jpg;Trung Châu, Đan Phượng, Hà Nội
19\05\2037.jpg;19/05/2037
036095007296.jpg;036095007296
TRẦN NGỌC LÂM.jpg;TRẦN NGỌC LÂM
12\05\1995.jpg;12/05/1995
Nam.jpg;Nam
Việt Nam.jpg;Việt Nam
Lộc An, Thành phố Nam Định, Nam Đinh.jpg;Lộc An, Thành phố Nam Định, Nam Định
Lộc An, Thành phố Nam Định, Nam Định.jpg;Lộc An, Thành phố Nam Định, Nam Định
12\05\2035.jpg;12/05/2035
014303003921.jpg;014303003921
LƯỜNG THỊ XON.jpg;LƯỜNG THỊ XON
20\11\2003.jpg;20/11/2003
Nữ.jpg;Nữ
Việt Nam.jpg;Việt Nam
Mường Khiêng, Thuận Châu, Sơn La.jpg;Mường Khiêng, Thuận Châu, Sơn La
Bản Sào Và.jpg;Bản Sào Và
Mường Khiêng, Thuận Châu, Sơn La.jpg;Mường Khiêng, Thuận Châu, Sơn La
20\11\2028.jpg;20/11/2028
034203012150.jpg;034203012150
NGUYỄN XUÂN MẠNH.jpg;NGUYỄN XUÂN MẠNH
18\01\2003.jpg;18/01/2003
Nam.jpg;Nam
Việt Nam.jpg;Việt Nam
Thuần Thành, Thái Thụy, Thái Bình.jpg;Thuần Thành, Thái Thụy, Thái Bình
Linh Thanh.jpg;Linh Thanh
Thuần Thành, Thái Thụy, Thái Bình.jpg;Thuần Thành, Thái Thụy, Thái Bình
18\01\2028.jpg;18/01/2028
082199003242.jpg;082199003242
LÊ THỊ ÁNH HỒNG.jpg;LÊ THỊ ÁNH HỒNG
06\10\1999.jpg;06/10/1999
Nữ.jpg;Nữ
Việt Nam.jpg;Việt Nam
Thạnh Nhựt, Gò Công Tây, Tiền Giang.jpg;Thạnh Nhựt, Gò Công Tây, Tiền Giang
Thạnh Lạc Đông.jpg;Thạnh Lạc Đông
Thạnh Nhựt, Gò Công Tây, Tiền Giang.jpg;Thạnh Nhựt, Gò Công Tây, Tiền Giang
06\10\2024.jpg;06/10/2024
079300042310.jpg;079300042310
PHẠM THỊ THẢO.jpg;PHẠM THỊ THẢO
25\08\2000.jpg;25/08/2000
Nữ.jpg;Nữ
Việt Nam.jpg;Việt Nam
Đa Phước, Binh Chánh, TP.Hồ Chí Minh.jpg;Đa Phước, Binh Chánh, TP.Hồ Chí Minh
311\5\14 Liên.jpg;311/5/14 Liên
Tỉnh 5, Phường 05, Quận 8, TP.Hồ Chi Minh.jpg;Tỉnh 5, Phường 05, Quận 8, TP.Hồ Chí Minh
25\08\2025.jpg;25/08/2025
001070025948.jpg;001070025948
TRINH BÁ HUẤN.jpg;TRỊNH BÁ HUẤN
01\09\1970.jpg;01/09/1970
Nam.jpg;Nam
Việt Nam.jpg;Việt Nam
Đại Yên, Chương Mỹ, Hà Nội.jpg;Đại Yên, Chương Mỹ, Hà Nội
Thôn 4.jpg;Thôn 4
Đại Yên, Chương Mỹ, Hà Nội.jpg;Đại Yên, Chương Mỹ, Hà Nội
01\09\2030.jpg;01/09/2030
027097009076.jpg;027097009076
NGUYỄN QUANG ĐẠT.jpg;NGUYỄN QUANG ĐẠT
09\10\1997.jpg;09/10/1997
Nam.jpg;Nam
Việt Nam.jpg;Việt Nam
Thôn Cổ Lâm.jpg;Thôn Cổ Lâm
Bình Định, Lương Tài, Bắc Ninh.jpg;Bình Định, Lương Tài, Bắc Ninh
09\10\2037.jpg;09/10/2037
001087012621.jpg;001087012621
NGUYỄN DUY MẠNH.jpg;NGUYỄN DUY MẠNH
26\07\1987.jpg;26/07/1987
Nam.jpg;Nam
Việt Nam.jpg;Việt Nam
Canh Nậu, Thạch Thất, Hà Nội.jpg;Canh Nậu, Thạch Thất, Hà Nội
Thôn 4.jpg;Thôn 4
26\07\2027.jpg;26/07/2027
038098002920.jpg;038098002920
NGUYỄN VĂN DŨNG.jpg;NGUYỄN VĂN DŨNG
13\08\1998.jpg;13/08/1998
Nam.jpg;Nam
Việt Nam.jpg;Việt Nam
Ngư Lộc, Hậu Lộc, Thanh Hóa.jpg;Ngư Lộc, Hậu Lộc, Thanh Hóa
Thắng Tây.jpg;Thắng Tây
Ngư Lộc, Hậu Lộc, Thanh Hóa.jpg;Ngư Lộc, Hậu Lộc, Thanh Hóa
13\08\2038.jpg;13/08/2038
052300006163.jpg;052300006163
VÕ KIM HẬU.jpg;VÕ KIM HẬU
11\03\2000.jpg;11/03/2000
Nữ.jpg;Nữ
Việt Nam.jpg;Việt Nam
Mỹ Hòa, Phù Mỹ, Bình Định.jpg;Mỹ Hòa, Phù Mỹ, Bình Định
Thôn Phú Thiên.jpg;Thôn Phú Thiên
Mỹ Hòa, Phù Mỹ, Bình Định Nam.jpg;Mỹ Hòa, Phù Mỹ, Bình Định Nam
11\03\2025.jpg;11/03/2025
040098013866.jpg;040098013866
LÊ NGUYÊN ĐỨC.jpg;LÊ NGUYÊN ĐỨC
19\06\1998.jpg;19/06/1998
Nam.jpg;Nam
Việt Nam.jpg;Việt Nam
Thanh Thịnh, Thanh Chương, Nghệ An.jpg;Thanh Thịnh, Thanh Chương, Nghệ An
Thôn Phong Thịnh.jpg;Thôn Phong Thịnh
19\06\2038.jpg;19/06/2038
037096003101.jpg;037096003101
BÙI TUẤN ANH.jpg;BÙI TUẤN ANH
09\10\1996.jpg;09/10/1996
Nam.jpg;Nam
Việt Nam.jpg;Việt Nam
Gia Thịnh, Gia Viên, Ninh Bình.jpg;Gia Thịnh, Gia Viên, Ninh Bình
Tổ Dân Phó Làm.jpg;Tổ Dân Phố Lãm
Thị trấn tân thanh, thanh liêm ha nam.jpg;Thị trấn Tân Thanh, Thanh Liêm, Hà Nam
09/10/2036.jpg;09/10/2036
019093005992.jpg;019093005992
MA TIẾN THỨC.jpg;MA TIẾN THỨC
11\08\1993.jpg;11/08/1993
Nam.jpg;Nam
Việt Nam.jpg;Việt Nam
Thanh Định, Định Hòa, Thái Nguyên.jpg;Thanh Định, Định Hóa, Thái Nguyên
Xóm Thanh Trung.jpg;Xóm Thanh Trung
Thanh Định, Định Hóa, Thái Nguyên.jpg;Thanh Định, Định Hóa, Thái Nguyên
11\08\2033.jpg;11/08/2033
038200023055.jpg;038200023055
NGỌ VĂN THÊM.jpg;NGỌ VĂN THÊM
15\04\2000.jpg;15/04/2000
Nam.jpg;Nam
Việt Nam.jpg;Việt Nam
Thọ Thanh, Thường Xuân, Thanh Hóa.jpg;Thọ Thanh, Thường Xuân, Thanh Hóa
Thôn Hồng Kỳ.jpg;Thôn Hồng Kỳ
Thọ Thanh, Thường Xuân, Thanh Hóa.jpg;Thọ Thanh, Thường Xuân, Thanh Hóa
15\04\2025.jpg;15/04/2025
001087024433.jpg;001087024433
PHẠM NGỌC CƯƠNG.jpg;PHẠM NGỌC CƯƠNG
13\01\1987.jpg;13/01/1987
Nam.jpg;Nam
Việt Nam.jpg;Việt Nam
Dục Tú, Đông Anh, Hà Nội.jpg;Dục Tú, Đông Anh, Hà Nội
22 Ngách 100\48.jpg;22 Ngách 100/48
Tây Sơn, Quang Trung, Đống Đa, Hà Nội.jpg;Tây Sơn, Quang Trung, Đống Đa, Hà Nội
13\01\2027.jpg;13/01/2027
015200006465.jpg;015200006465
TRẦN VĂN CƯỜNG.jpg;TRẦN VĂN CƯỜNG
09\12\2000.jpg;09/12/2000
Nam.jpg;Nam
Việt Nam.jpg;Việt Nam
Đào Thịnh, Trấn Yên, Yên Bái.jpg;Đào Thịnh, Trấn Yên, Yên Bái
Thôn 6..jpg;Thôn 6.
Đào Thịnh, Trấn Yên, Yên Bái.jpg;Đào Thịnh, Trấn Yên, Yên Bái
008093002108.jpg;008093002108
CHẦU VĂN HOÀNG.jpg;CHẦU VĂN HOÀNG
01\04\1993.jpg;01/04/1993
Nam.jpg;Nam
Việt Nam.jpg;Việt Nam
Khuôn Hà, Lâm Bình, Tuyên Quang.jpg;Khuôn Hà, Lâm Bình, Tuyên Quang
Thôn Lung May.jpg;Thôn Lung May
Khuôn Hà, Lâm Bình, Tuyên Quang.jpg;Khuôn Hà, Lâm Bình, Tuyên Quang
01\04\2033.jpg;01/04/2033
001203013133.jpg;001203013133
CAO XUÂN HIẾU.jpg;CAO XUÂN HIẾU
12\07\2003.jpg;12/07/2003
Nam.jpg;Nam
Việt Nam.jpg;Việt Nam
Diễn Phúc, Diễn Châu, Nghệ An.jpg;Diễn Phúc, Diễn Châu, Nghệ An
Tổ 10 Giáp Lục.jpg;Tổ 10 Giáp Lục
Tân Mai, Hoàng Mai, Hà Nội.jpg;Tân Mai, Hoàng Mai, Hà Nội
12\07\2028.jpg;12/07/2028
040097022120.jpg;040097022120
NGUYỄN VĂN HOÀNG PHÚC.jpg;NGUYỄN VĂN HOÀNG PHÚC
17\12\1997.jpg;17/12/1997
Nam.jpg;Nam
Việt Nam.jpg;Việt Nam
Quỳnh Phương, Thị xã Hoàng Mai, Nghệ An.jpg;Quỳnh Phương, Thị xã Hoàng Mai, Nghệ An
Khối Thân Ái.jpg;Khối Thân Ái
17\12\2037.jpg;17/12/2037
079200011216.jpg;079200011216
NGUYỄN THÀNH LONG THỊ.jpg;NGUYỄN THÀNH LONG THỊ
25\10\2000.jpg;25/10/2000
Nam.jpg;Nam
Việt Nam.jpg;Việt Nam
Linh Tây, Thành phố Thủ Đức, Hồ Chí Minh Thuận.jpg;Linh Tây, Thành phố Thủ Đức, Hồ Chí Minh Thuận
135 Đường 9.jpg;135 Đường 9
Kp5, Linh Tây, Tp Thủ Đức, Hồ Chí Minh.jpg;Kp5, Linh Tây, Tp Thủ Đức, Hồ Chí Minh
25\10\2025.jpg;25/10/2025
001083057217.jpg;001083057217
NGUYỄN THANH TUẤN.jpg;NGUYỄN THANH TUẤN
14\01\1983.jpg;14/01/1983
Nam.jpg;Nam
Việt Nam.jpg;Việt Nam
Vạn Thắng, Ba Vì, Hà Nội.jpg;Vạn Thắng, Ba Vì, Hà Nội
Thôn Hậu Trạch.jpg;Thôn Hậu Trạch
Vạn Thắng, Ba Vì, Hà Nội.jpg;Vạn Thắng, Ba Vì, Hà Nội
14\01\2043.jpg;14/01/2043
001094041288.jpg;001094041288
DƯƠNG TÙNG LÂM.jpg;DƯƠNG TÙNG LÂM
30\12\1994.jpg;30/12/1994
Nam.jpg;Nam
Việt Nam.jpg;Việt Nam
Kim Sơn, Gia Lâm, Hà Nội.jpg;Kim Sơn, Gia Lâm, Hà Nội
Số 16B\66\42.jpg;Số 16B/66/42
Ngọc Lâm, Long Biên, Hà Nội.jpg;Ngọc Lâm, Long Biên, Hà Nội
30\12\2034.jpg;30/12/2034
